skill,quali
Design Gráfico,Technical Skills
Design Digital ,Technical Skills
Design de Produto,Technical Skills
Design OPS,Technical Skills
Arquitetura de Informação,Technical Skills
UX,Technical Skills
UI,Technical Skills
Gestão de Produto,Processes Skills
Pesquisa e Desenvolvimento,Technical Skills
Análise de Produto,Technical Skills
Metodologias Ágeis,Processes Skills
Empatia,Human Skills
Comunicação Efetiva,Human Skills
Colaboração em Equipe,Human Skills
Gestão de Conflitos,Human Skills
Prototipagem Rápida,Technical Skills
Testes de Usabilidade,Technical Skills
Design Responsivo,Technical Skills
Análise Heurística,Technical Skills
Figma,Tool Skills
Design Thinking,Processes Skills
Lean UX,Processes Skills
Suporte Operacional,Processes Skills
Onboarding,Processes Skills
Operações de Pós-vendas,Processes Skills
Sales Enablement,Processes Skills
Sales Operations,Processes Skills
Trabalho em Equipe,Human Skills
Flexibilidade,Human Skills
Treinamento de Vendas,Processes Skills
ERP,Tool Skills
Mapeamento de Jornada,Processes Skills
Feedback Estruturado,Human Skills
Gestão de Projetos,Processes Skills
Inteligência Artificial,Technical Skills
Comunicação Empática,Human Skills
Liderança Colaborativa,Human Skills
Resiliência Emocional,Human Skills
Prototipagem Rápida,Technical Skills
Design Sprint,Processes Skills
Desenvolvimento de Produto,Technical Skills
Liderança Motivacional,Human Skills
Wireframing,Technical Skills
Prototipagem Rápida,Technical Skills
Teste A/B,Technical Skills
Análise de Requisitos,Technical Skills
Design Centrado no Usuário,Processes Skills
Lean Startup,Processes Skills
KPI e Métricas,Technical Skills
Resolução de Conflitos,Human Skills
Desenvolvimento Web,Technical Skills
Docker,Tool Skills
Kubernetes,Tool Skills
Git,Tool Skills
Scrum,Processes Skills
DevOps,Processes Skills
Análise de Dados,Technical Skills
Visualização de Dados,Technical Skills
Programação SQL,Technical Skills
Desenho de Processos,Processes Skills
Mapeamento de Processos,Processes Skills
Front-end,Technical Skills
Full-stack,Technical Skills
Mobile Development,Technical Skills
QA,Technical Skills
Agile Coaching,Processes Skills
Infraestrutura de TI,Technical Skills
Recrutamento e Seleção,Processes Skills
Treinamento e Desenvolvimento,Processes Skills
Gestão de Performance,Processes Skills
Diversidade e Inclusão,Human Skills
Empatia Estrutural,Human Skills
Liderança Inspiradora,Human Skills
Programação Assíncrona,Technical Skills
Integração Contínua,Processes Skills
Design Sistemas,Technical Skills
JIRA,Tool Skills
Arquitetura de Informação,Technical Skills
Planejamento de Carreira,Processes Skills
Benefícios,Processes Skills
Planejamento de Sucessão,Processes Skills
Suporte Estratégico,Processes Skills
Customer Success Enablement,Processes Skills
Customer Experience,Processes Skills
Mapeamento de Usuários,Processes Skills
Modelagem de Negócios,Processes Skills
Miro,Tool Skills
Lean,Processes Skills
Back-end,Technical Skills
Cybersecurity,Technical Skills
Project Management,Processes Skills
Testes Automatizados,Technical Skills
Otimização de Desempenho,Technical Skills
AWS,Tool Skills
Kanban,Processes Skills
Domain Driven Design,Processes Skills